VMName,BusinessUnit,SubUnit,CostCentre,Project,vCPU,vRAM,vDisk,vCPUHours,GBMemHours,GBStorHours,DR,StorageTier,ChargevCPU,ChargevRAM,ChargevDisk,Moref,ResourceSubtotal,Backup,BackupCost,Total,BillingPeriod
SYDNWDBAP68 (53582602-9e10-47e9-85d5-397703e963c3),S&L,PRD,62920000.0,PACE,8.0,32.0,571.0,5568.0,22272.0,369576,570.65,,170.4,745.6,148.65,vm-4835,1064.65,yes,47.55,1698.85,Feb-2024
shadow-Windows Server 2012 R2 SP1 Std pat (b0f73596-b7ae-4fd5-b44d-9749ff567b6a),GCRP,,,,,,,0.0,0.0,55680,,,0.0,0.0,8.0,,8.0,no,0.0,8.0,Feb-2024
TemplateWindows2012R2Standard,GCRP,,,,,,,0.0,0.0,6960,,,0.0,0.0,1.0,,1.0,no,0.0,1.0,Feb-2024
SYDNWINFP122,S&L,PRD,623000.0,<blank>,2.0,4.0,100.0,1392.0,2784.0,45240,107.56,,42.6,93.2,6.5,vm-4864,142.3,no,0.0,249.86,Feb-2024
grcl_sydnwsapd200,GCRP,,,,,,,0.0,0.0,0,,,0.0,0.0,0.0,,0.0,yes,488.85,504.85,Feb-2024
SYDNWPRDSQLP01,GCRP,,,,,,,36864.0,177920.0,1265328,,,1244.703448,5956.229885,555.9,,7756.833333,yes,52.5,7825.333333,Feb-2024
SYDNWSESSQLD-DR (e7a0b901-02c1-4180-8c66-4fdbb16f745d),GCRP,,,,,,,1392.0,5568.0,4176,,,42.6,186.4,0.9,,229.9,no,0.0,229.9,Feb-2024
sydnwinfp154,GCRP,,,,,,,0.0,0.0,0,,,0.0,0.0,0.0,,0.0,yes,7.65,23.65,Feb-2024
SYDNWPRDSQLP-DR (1548b88f-0fd2-460d-8f1c-3063607a3c90),GCRP,,,,,,,2784.0,11136.0,1003632,,,85.2,372.8,492.5,,950.5,yes,7.65,974.15,Feb-2024
SYDNWWEBP34,GRPINFR,PRD,609100.0,,2.0,8.0,80.0,1392.0,5568.0,45240,,,42.6,186.4,6.5,vm-33416,235.5,no,0.0,235.5,Feb-2024
sydnwinfp201 (ca6b698a-2d82-477e-b571-e81abe5b7b45),GCRP,,,,,,,0.0,0.0,0,,,0.0,0.0,0.0,,0.0,yes,9.3,25.3,Feb-2024
SYDNWSAPP201 (15357920-f724-47df-a215-a8ba2142df36),Oils,PRD,241900.0,,2.0,16.0,790.0,1392.0,11136.0,252648,471.98,,42.6,372.8,127.05,vm-399,542.45,yes,24.9,1055.33,Feb-2024
SYDNWSQLP05 (eedd9bde-d7a3-4d6e-a602-afc869bdb59e),Oils,PRD,241900.0,Oils SQL Server,8.0,81.0,2807.0,5568.0,56376.0,1952280,1051.34,,170.4,1887.3,1051.75,vm-3733,3109.45,yes,64.95,4241.74,Feb-2024
GRCL_SYDNWSTSQRMD01,GCRP,STG,623000.0,Crop Connect DR,2.0,4.0,80.0,814.0,1628.0,42456,,,24.911207,54.500575,6.1,vm-33455,85.511782,no,0.0,85.511782,Feb-2024
SYDNWINFP132,GRPINFR,PRD,609100.0,,2.0,4.0,60.0,1392.0,2784.0,29928,103.56,,42.6,93.2,4.3,vm-4862,140.1,no,0.0,243.66,Feb-2024
SYDNGSLB01,GRPINFR,PRD,609100.0,<blank>,2.0,8.0,40.0,1392.0,5568.0,40368,,,42.6,186.4,5.8,vm-33463,234.8,no,0.0,234.8,Feb-2024
sydnwdbad80,GCRP,,,,,,,0.0,0.0,0,,,0.0,0.0,0.0,,0.0,yes,958.5,974.5,Feb-2024
SYDNWINFP225,GRPINFR,PRD,609100.0,,8.0,32.0,1629.0,5568.0,22272.0,1131696,,,170.4,745.6,162.6,vm-33651,1078.6,yes,183.9,1278.5,Feb-2024
SYDNWSAPD01,MKT,DEV,655800.0,<blank>,8.0,48.0,1346.0,3320.0,19920.0,904104,,,101.603448,666.862069,664.65,vm-33464,1433.115517,no,0.0,1433.115517,Feb-2024
SYDNWWEBQ25,S&L,QA,62920000.0,PACE,2.0,4.0,60.0,894.0,1788.0,41064,,,27.359483,59.856897,5.9,vm-33465,93.116379,no,0.0,93.116379,Feb-2024
sydnwwebp31,GCRP,,,,,,,0.0,0.0,0,,,0.0,0.0,0.0,,0.0,yes,6.0,22.0,Feb-2024
sydngslb01,GCRP,,,,,,,0.0,0.0,0,,,0.0,0.0,0.0,,0.0,yes,2.7,18.7,Feb-2024
sydnwinfp152,GCRP,,,,,,,0.0,0.0,0,,,0.0,0.0,0.0,,0.0,yes,9.3,25.3,Feb-2024
sydnwwebp121,GCRP,,,,,,,0.0,0.0,0,,,0.0,0.0,0.0,,0.0,yes,8.55,24.55,Feb-2024
SYDNWSAPP10,S&L,PRD,62920000.0,PACE,8.0,32.0,195.0,5568.0,22272.0,123888,,,170.4,745.6,17.8,vm-33247,933.8,no,0.0,933.8,Feb-2024
SYDNWDBAD81,S&L,QA,62920000.0,,4.0,16.0,880.0,1660.0,6640.0,608304,,,50.801724,222.287356,117.4,vm-33470,390.48908,no,0.0,390.48908,Feb-2024
GRCL_SYDNWSAPD203,Oils,DEV,43001030.0,SAP OILS DEV OBD/OBQ,4.0,24.0,2390.0,1564.0,9384.0,828240,,,47.863793,314.148276,181.5,vm-33233,543.512069,no,0.0,543.512069,Feb-2024
sydnwcomp41,GCRP,,,,,,,0.0,0.0,0,,,0.0,0.0,0.0,,0.0,yes,9.0,25.0,Feb-2024
SYDNWINFP154,S&L,PRD,623000.0,,2.0,4.0,80.0,1392.0,2784.0,34800,105.56,,42.6,93.2,5.0,vm-4861,140.8,no,0.0,246.36,Feb-2024
SYDNWFPD1,S&L,DEV,623000.0,<blank>,2.0,4.0,70.0,894.0,1788.0,33408,,,27.359483,59.856897,4.8,vm-33687,92.016379,no,0.0,92.016379,Feb-2024
SYDNWFPP10-IMP-FFDn,GCRP,,,,,,,2784.0,5568.0,982056,,,85.2,186.4,165.85,,437.45,yes,243.3,696.75,Feb-2024
SYDNWDOCP01,S&L,PRD,62920000.0,PACE,1.0,2.0,100.0,696.0,1392.0,41064,83.78,,21.3,46.6,5.9,vm-4831,73.8,no,0.0,157.58,Feb-2024
TemplateWindows2012R2Standard Latest Update,GCRP,,,,,,,0.0,0.0,11832,,,0.0,0.0,1.7,,1.7,no,0.0,1.7,Feb-2024
SYDNWSAPP203 (ccf8887e-6e58-4114-b7bb-3a4f9c5c5f95),Oils,PRD,241900.0,,4.0,20.0,1377.0,2784.0,13920.0,757248,1484.268764,,85.2,466.0,380.8,vm-400,932.0,yes,59.25,2491.518764,Feb-2024
SYDNWDBAD80,S&L,QA,62920000.0,,8.0,32.0,6495.0,3144.0,12576.0,4519824,,,96.217241,421.006897,1009.4,vm-33728,1526.624138,no,0.0,1526.624138,Feb-2024
BMx_test3,S&L,DEV,623000.0,<blank>,1.0,1.0,70.0,0.0,0.0,13224,,,0.0,0.0,1.9,vm-33420,1.9,no,0.0,1.9,Feb-2024
SYDNWSQLD06,CORP,DEV,615500.0,,2.0,4.0,565.0,1392.0,2784.0,392544,,,42.6,93.2,56.4,vm-33670,192.2,no,0.0,192.2,Feb-2024
sydnwsrsp01,GCRP,,,,,,,0.0,0.0,0,,,0.0,0.0,0.0,,0.0,yes,14.7,30.7,Feb-2024
sydnwsqls02,GCRP,,,,,,,0.0,0.0,0,,,0.0,0.0,0.0,,0.0,yes,48.9,64.9,Feb-2024
SYDNWDBAP43,S&L,PRD,62920000.0,S&L SAP BW Upgrade,4.0,24.0,498.0,2784.0,16704.0,344520,325.48,,85.2,559.2,49.5,vm-4837,693.9,yes,43.8,1079.18,Feb-2024
TemplateWindows2012Standard,GCRP,,,,,,,0.0,0.0,27840,,,0.0,0.0,4.0,,4.0,no,0.0,4.0,Feb-2024
SYDNWSGWP02,S&L,PRD,62920000.0,,12.0,30.0,518.0,8352.0,20880.0,357048,425.82,,255.6,699.0,51.3,vm-4854,1005.9,yes,25.65,1473.37,Feb-2024
SYDNWSTSCID01 (d7a65fc1-aa46-4278-8eff-e911bfa726e8),GCRP,,,,4.0,12.0,430.0,1628.0,4884.0,187224,242.26,,49.822414,163.501724,40.35,vm-18396,253.674138,no,0.0,495.934138,Feb-2024
sydnwcomp40,GCRP,,,,,,,0.0,0.0,0,,,0.0,0.0,0.0,,0.0,yes,7.05,23.05,Feb-2024
GRCL_SYDNWPRDQRMP01,GCRP,PRD,623000.0,Crop Connect DR,2.0,4.0,80.0,1392.0,2784.0,46632,,,42.6,93.2,10.05,vm-33492,145.85,no,0.0,145.85,Feb-2024
SYDNWSRSP01,S&L,PRD,62920000.0,PACE,2.0,4.0,100.0,1392.0,2784.0,68208,,,42.6,93.2,9.8,vm-33671,145.6,no,0.0,145.6,Feb-2024
sydnwsql01,GRPINFR,PRD,609100.0,,4.0,48.0,1550.0,2784.0,33408.0,1073928,626.52,,85.2,1118.4,154.3,vm-3738,1357.9,yes,9.75,2010.17,Feb-2024
SYDNWDBAD82,S&L,QA,62920000.0,Project SAP ECC,6.0,26.0,4414.0,2502.0,10842.0,3066576,,,76.569828,362.957759,1755.6,vm-33637,2195.127586,no,0.0,2195.127586,Feb-2024
grcl_sydnwprdqrmp01,GCRP,,,,,,,0.0,0.0,0,,,0.0,0.0,0.0,,0.0,yes,12.0,28.0,Feb-2024
sydnwfpd1,GCRP,,,,,,,0.0,0.0,0,,,0.0,0.0,0.0,,0.0,yes,7.2,23.2,Feb-2024
SYDNWDBAQ33,S&L,QA,62920000.0,,1.0,2.0,120.0,561.0,1122.0,64032,,,17.168534,37.561207,9.2,vm-33468,63.929741,no,0.0,63.929741,Feb-2024
GRCL_SYDNWSAPD205,GRPINFR,DEV,609100.0,SAP SOLMAN DEV - GSD,8.0,16.0,685.0,3192.0,6384.0,286056,,,97.686207,213.717241,62.55,vm-33638,373.953448,no,0.0,373.953448,Feb-2024
SYDNWCOMQ50,GRPINFR,QA,609100.0,,2.0,4.0,80.0,0.0,0.0,26448,,,0.0,0.0,3.8,vm-33684,3.8,no,0.0,3.8,Feb-2024
SYDNWWEBP122,S&L,PRD,62920000.0,PACE,4.0,8.0,100.0,2784.0,5568.0,41760,155.12,,85.2,186.4,6.0,vm-4848,277.6,no,0.0,432.72,Feb-2024
SYDNWINFP139,S&L,PRD,623000.0,,1.0,1.0,80.0,696.0,696.0,36192,73.62,,21.3,23.3,5.2,vm-3750,49.8,no,0.0,123.42,Feb-2024
sydnwdbad81,GCRP,,,,,,,0.0,0.0,0,,,0.0,0.0,0.0,,0.0,yes,131.1,147.1,Feb-2024
sydnwdbad24,S&L,DEV,62920000.0,PACE,2.0,4.0,100.0,834.0,1668.0,62640,,,25.523276,55.839655,9.0,vm-33688,90.362931,yes,7.95,114.312931,Feb-2024
sydnwdbad71,GCRP,,,,,,,0.0,0.0,0,,,0.0,0.0,0.0,,0.0,yes,1262.7,1278.7,Feb-2024
sydnwdbad51,GCRP,,,,,,,0.0,0.0,0,,,0.0,0.0,0.0,,0.0,yes,120.3,136.3,Feb-2024
GRCL_SYDNWSESQRMD01,S&L,DEV,623000.0,Crop Connect DR,2.0,4.0,80.0,830.0,1660.0,42456,,,25.400862,55.571839,9.15,vm-33253,90.122701,no,0.0,90.122701,Feb-2024
sydnwdbap71 (735c91ed-26c2-436d-b077-2d0552f36463),S&L,PRD,62920000.0,SAP TM Prod,4.0,16.0,515.0,2784.0,11136.0,206712,390.65,,85.2,372.8,103.95,vm-4833,561.95,yes,34.05,1002.65,Feb-2024
ethan-clone-template,GRPINFR,,,,1.0,2.0,60.0,0.0,0.0,6960,,,0.0,0.0,1.0,vm-33609,1.0,no,0.0,1.0,Feb-2024
SYDNWSCSP200 (d404cd28-6517-4230-952c-5cd58e309dc3),Oils,PRD,241900.0,,2.0,8.0,1937.0,1392.0,5568.0,1071144,323.9,,42.6,186.4,153.9,vm-398,382.9,yes,232.05,954.85,Feb-2024
SYDNWINFP153,S&L,PRD,623000.0,,2.0,4.0,80.0,1392.0,2784.0,40368,,,42.6,93.2,5.8,vm-33490,141.6,no,0.0,141.6,Feb-2024
SYDNWWEBP111,S&L,PRD,62920000.0,PACE,2.0,4.0,100.0,1392.0,2784.0,39672,,,42.6,93.2,5.7,vm-33259,141.5,no,0.0,141.5,Feb-2024
grcl_sydnwstpqrmp01,GCRP,,,,,,,0.0,0.0,0,,,0.0,0.0,0.0,,0.0,yes,12.0,28.0,Feb-2024
SYDNWINFP116,GRPINFR,PRD,609100.0,<blank>,2.0,2.0,260.0,1392.0,1392.0,39672,107.24,,42.6,46.6,5.7,vm-4827,94.9,no,0.0,202.14,Feb-2024
grcl_sydnwsapd205,GCRP,,,,,,,0.0,0.0,0,,,0.0,0.0,0.0,,0.0,yes,102.15,118.15,Feb-2024
SYDNWINFD1,S&L,DEV,623000.0,<blank>,1.0,2.0,50.0,0.0,0.0,15312,,,0.0,0.0,2.2,vm-33646,2.2,no,0.0,2.2,Feb-2024
bmx_test2,GCRP,,,,,,,0.0,0.0,0,,,0.0,0.0,0.0,,0.0,yes,3.75,19.75,Feb-2024
SYDNWINFD57,S&L,DEV,623000.0,<blank>,2.0,8.0,440.0,1392.0,5568.0,237336,,,42.6,186.4,34.1,vm-33606,263.1,no,0.0,263.1,Feb-2024
SYDNWINFP101,GRPINFR,PRD,609100.0,Server Upgrade,2.0,12.0,120.0,1392.0,8352.0,82824,174.84,,42.6,279.6,11.9,vm-3730,334.1,no,0.0,508.94,Feb-2024
grcl_sydnwstsqrmd01,GCRP,,,,,,,0.0,0.0,0,,,0.0,0.0,0.0,,0.0,yes,12.0,28.0,Feb-2024
sydnwsqld01,GCRP,,,,,,,0.0,0.0,0,,,0.0,0.0,0.0,,0.0,yes,27.0,43.0,Feb-2024
sydnwdprd01,GCRP,,,,,,,0.0,0.0,0,,,0.0,0.0,0.0,,0.0,yes,13.2,29.2,Feb-2024
SYDNWINFP151,S&L,PRD,623000.0,,2.0,4.0,80.0,1392.0,2784.0,34104,,,42.6,93.2,4.9,vm-33612,140.7,no,0.0,140.7,Feb-2024
sydngslb02,GCRP,,,,,,,0.0,0.0,0,,,0.0,0.0,0.0,,0.0,yes,3.0,19.0,Feb-2024
SYDNWSESSQLD-DR (0aaab618-1d83-4e26-834c-af4560027a80),GCRP,,,,,,,1006.0,4024.0,922200,,,30.787069,134.711494,198.75,,364.248563,no,0.0,364.248563,Feb-2024
SYDNGSLB02,GRPINFR,PRD,609100.0,<blank>,2.0,2.0,20.0,1392.0,5568.0,13920,,Production,42.6,186.4,3.0,vm-5211,232.0,no,0.0,232.0,Feb-2024
sydnwwebs04,GCRP,,,,,,,0.0,0.0,0,,,0.0,0.0,0.0,,0.0,yes,7.65,23.65,Feb-2024
SYDNWLICP01,GRPINFR,PRD,609100.0,,2.0,4.0,80.0,1392.0,2784.0,39672,105.56,,42.6,93.2,5.7,vm-7283,141.5,no,0.0,247.06,Feb-2024
sydnwsgwp03,GCRP,,,,,,,0.0,0.0,0,,,0.0,0.0,0.0,,0.0,yes,16.2,32.2,Feb-2024
sydnwinfp132,GCRP,,,,,,,0.0,0.0,0,,,0.0,0.0,0.0,,0.0,yes,6.75,22.75,Feb-2024
SYDNWDBAP66,S&L,PRD,623000.0,PACE,16.0,63.0,329.0,11136.0,43848.0,214368,798.59,,340.8,1467.9,107.8,vm-4795,1916.5,yes,13.5,2744.59,Feb-2024
SYDNWWEBP35,GRPINFR,PRD,609100.0,,2.0,8.0,80.0,1392.0,5568.0,36192,,,42.6,186.4,5.2,vm-33602,234.2,no,0.0,234.2,Feb-2024
GRCL_SYDNWSTSSQLD01,GCRP,STG,623000.0,Crop Connect DR,4.0,12.0,1480.0,1692.0,5076.0,318072,,,51.781034,169.92931,68.55,vm-33240,290.260345,yes,18.6,324.860345,Feb-2024
sydnwwebp120,GCRP,,,,,,,0.0,0.0,0,,,0.0,0.0,0.0,,0.0,yes,8.55,24.55,Feb-2024
SYDNWSGWD01,S&L,QA,623000.0,<blank>,10.0,48.0,1357.0,4150.0,19920.0,1848576,,,127.00431,666.862069,531.2,vm-33426,1325.066379,no,0.0,1325.066379,Feb-2024
SYDNWWEBP112,S&L,PRD,62920000.0,PACE,2.0,4.0,100.0,1392.0,2784.0,41760,,,42.6,93.2,6.0,vm-33456,141.8,no,0.0,141.8,Feb-2024
grcl_sydnwsapd300,GCRP,,,,,,,0.0,0.0,0,,,0.0,0.0,0.0,,0.0,yes,222.15,238.15,Feb-2024
sydnwinfp153,GCRP,,,,,,,0.0,0.0,0,,,0.0,0.0,0.0,,0.0,yes,8.85,24.85,Feb-2024
SYDNWSAPD10,S&L,QA,623000.0,,8.0,16.0,190.0,3320.0,6640.0,131544,,,101.603448,222.287356,18.9,vm-33726,342.790805,no,0.0,342.790805,Feb-2024
sydnwinfp116,GCRP,,,,,,,0.0,0.0,0,,,0.0,0.0,0.0,,0.0,yes,8.7,24.7,Feb-2024
SYDNWDBAS12,S&L,STG,62920000.0,,8.0,32.0,120.0,5568.0,22272.0,74472,,,170.4,745.6,10.7,vm-33635,926.7,no,0.0,926.7,Feb-2024
SYDNGSLB02-RESTORE19JAN,GCRP,,,,,,,0.0,0.0,13920,,,0.0,0.0,3.0,,3.0,no,0.0,3.0,Feb-2024
grcl_sydnwsapd201,GCRP,,,,,,,0.0,0.0,0,,,0.0,0.0,0.0,,0.0,yes,116.25,132.25,Feb-2024
sydnwinfp122,GCRP,,,,,,,0.0,0.0,0,,,0.0,0.0,0.0,,0.0,yes,9.9,25.9,Feb-2024
SYDNWINFDDC2,S&L,DEV,623000.0,<blank>,2.0,2.0,40.0,0.0,0.0,27144,,,0.0,0.0,3.9,vm-33431,3.9,no,0.0,3.9,Feb-2024
sydnwscsd01,CORP,DEV,615500.0,SAP Content Server DEV,4.0,8.0,805.0,1636.0,3272.0,542880,,,50.067241,109.536782,78.0,vm-33241,237.604023,yes,117.6,371.204023,Feb-2024
SYDNWSQLS02,S&L,STG,62920000.0,PACE,2.0,2.0,350.0,1392.0,1392.0,242904,,,42.6,46.6,34.9,vm-33722,124.1,no,0.0,124.1,Feb-2024
sydnwdbad82,GCRP,,,,,,,0.0,0.0,0,,,0.0,0.0,0.0,,0.0,yes,646.65,662.65,Feb-2024
sydnwsapp10,GCRP,,,,,,,0.0,0.0,0,,,0.0,0.0,0.0,,0.0,yes,27.0,43.0,Feb-2024
SYDNWDBAD71,S&L,DEV,62920000.0,S&L SAP BW Upgrade,16.0,56.0,8366.0,6640.0,23240.0,5862408,,,203.206897,778.005747,842.3,vm-33472,1823.512644,no,0.0,1823.512644,Feb-2024
vse-GRCL-VDC-BUBBLE-EGW (50351670-4c69-46dc-abf7-0ecd2448f8e3)-0,GCRP,,,,,,,696.0,696.0,696,,,21.3,23.3,0.1,,44.7,no,0.0,44.7,Feb-2024
sydnwdbad25,S&L,DEV,62920000.0,PACE,2.0,4.0,100.0,930.0,1860.0,64728,,,28.461207,62.267241,9.3,vm-33690,100.028448,yes,8.7,124.728448,Feb-2024
SYDNWSAPP01 (5d2c8f04-0a77-49f4-8c1c-72f3620fe3ac),MKT,Prod,623000.0,,4.0,32.0,875.0,2784.0,22272.0,574200,647.21,,85.2,745.6,288.75,vm-4858,1119.55,yes,50.55,1833.31,Feb-2024
sydnwdbap67,GCRP,,,,,,,0.0,0.0,0,,,0.0,0.0,0.0,,0.0,yes,15.15,31.15,Feb-2024
SYDNWSQLQ03,S&L,QA,62920000.0,PACE,2.0,4.0,200.0,912.0,1824.0,105792,,,27.910345,61.062069,15.2,vm-33634,104.172414,yes,8.7,128.872414,Feb-2024
sydnwsapp12,GCRP,,,,,,,0.0,0.0,0,,,0.0,0.0,0.0,,0.0,yes,20.7,36.7,Feb-2024
sydnwinfd57,GCRP,,,,,,,0.0,0.0,0,,,0.0,0.0,0.0,,0.0,yes,51.6,67.6,Feb-2024
SYDNWSAPP205 (0f3803d3-28f8-49cb-8a06-6f34cbc1484e),GRPINFR,,609100.0,,8.0,24.0,1119.0,5568.0,16704.0,599256,417.42,,170.4,559.2,129.15,vm-358,858.75,no,0.0,1276.17,Feb-2024
SYDNWDBAD70,S&L,DEV,62920000.0,S&L SAP BW Upgrade,4.0,32.0,860.0,1660.0,13280.0,507384,,,50.801724,444.574713,72.9,vm-33473,568.276437,no,0.0,568.276437,Feb-2024
GrainCorp Windows Server 2016 - Base Template-Feye,GCRP,,,,,,,0.0,0.0,9048,,,0.0,0.0,1.95,,1.95,no,0.0,1.95,Feb-2024
GrainCorp Windows Server 2016 - Base Template-Znv6,GCRP,,,,,,,0.0,0.0,9048,,,0.0,0.0,1.3,,1.3,no,0.0,1.3,Feb-2024
GRCL_SYDNWSAPD300,CORP,DEV,609200.0,SAP Migration,8.0,48.0,1482.0,5568.0,33408.0,852600,,,170.4,1118.4,183.75,vm-33427,1472.55,no,0.0,1472.55,Feb-2024
sydnwwebd12,GCRP,,,,,,,0.0,0.0,0,,,0.0,0.0,0.0,,0.0,yes,7.35,23.35,Feb-2024
sydnwcomp101,S&L,PRD,62920000.0,,4.0,24.0,200.0,720.0,4320.0,98832,345.68,,22.034483,144.62069,49.7,vm-3748,216.355172,yes,21.6,599.635172,Feb-2024
sydnwsqls01,GCRP,,,,,,,0.0,0.0,0,,,0.0,0.0,0.0,,0.0,yes,24.0,40.0,Feb-2024
SYDNWWEBS04,S&L,STG,62920000.0,PACE,2.0,4.0,60.0,882.0,1764.0,34800,,,26.992241,59.053448,5.0,vm-33698,91.04569,no,0.0,91.04569,Feb-2024
sydnwsapd01,GCRP,,,,,,,0.0,0.0,0,,,0.0,0.0,0.0,,0.0,yes,179.25,195.25,Feb-2024
SYDNWSGWP03,S&L,PRD,62920000.0,,8.0,12.0,120.0,5568.0,8352.0,77256,219.6,,170.4,279.6,11.1,vm-4853,461.1,no,0.0,680.7,Feb-2024
SYDNWSESCID01 (231db642-dde8-4dc4-ae80-e6a7097ce414),GRPINFR,,,,4.0,32.0,1449.0,1636.0,13088.0,913848,558.31,,50.067241,438.147126,196.95,vm-17522,685.164368,no,0.0,1243.474368,Feb-2024
GRCL-GBS-AZMA01,GCRP,,,,,,,0.0,0.0,34800,,,0.0,0.0,7.5,,7.5,no,0.0,7.5,Feb-2024
sydnwwebp111,GCRP,,,,,,,0.0,0.0,0,,,0.0,0.0,0.0,,0.0,yes,9.0,25.0,Feb-2024
SYDNWINFDDC4,GRPINFR,PRD,609100.0,,2.0,8.0,80.0,0.0,0.0,35496,,,0.0,0.0,5.1,vm-33610,5.1,no,0.0,5.1,Feb-2024
SYDNWWEBS10,S&L,STG,62920000.0,,2.0,8.0,80.0,912.0,3648.0,34800,,,27.910345,122.124138,5.0,vm-33674,155.034483,no,0.0,155.034483,Feb-2024
SYDNWSAPP12,S&L,PRD,623000.0,,8.0,32.0,215.0,5568.0,22272.0,140592,,,170.4,745.6,20.2,vm-33653,936.2,no,0.0,936.2,Feb-2024
SYDNWINFP150,S&L,PRD,623000.0,,2.0,4.0,120.0,1392.0,2784.0,64032,109.56,,42.6,93.2,9.2,vm-3745,145.0,no,0.0,254.56,Feb-2024
sydnwinfddc2,GCRP,,,,,,,0.0,0.0,0,,,0.0,0.0,0.0,,0.0,yes,6.0,22.0,Feb-2024
SYDNWINFD45,S&L,DEV,62920000.0,,2.0,4.0,60.0,1392.0,2784.0,32016,,,42.6,93.2,4.6,vm-33603,140.4,no,0.0,140.4,Feb-2024
SYDNWWEBS05,S&L,QA,623000.0,,2.0,4.0,60.0,948.0,1896.0,30624,,,29.012069,63.472414,4.4,vm-33659,96.884483,no,0.0,96.884483,Feb-2024
sydnwwebp110,GCRP,,,,,,,0.0,0.0,0,,,0.0,0.0,0.0,,0.0,yes,9.45,25.45,Feb-2024
SYDNWINFP201 (ca6b698a-2d82-477e-b571-e81abe5b7b45),GRPINFR,DEV,609100.0,,2.0,8.0,80.0,1392.0,5568.0,11832,,,42.6,186.4,1.7,vm-177,230.7,no,0.0,230.7,Feb-2024
SYDNWDBAD16,S&L,,62920000.0,PACE,10.0,56.0,3640.0,4310.0,24136.0,2365704,,,131.900862,808.001149,539.55,vm-33678,1479.452011,no,0.0,1479.452011,Feb-2024
SYDNWCOMP35,Oils,PRD,241900.0,Epicor v10 App Server,4.0,16.0,100.0,2784.0,11136.0,69600,,,85.2,372.8,10.0,vm-33604,468.0,no,0.0,468.0,Feb-2024
TemplateWindows2012R2StandardUpdated,GCRP,,,,2.0,4.0,60.0,0.0,0.0,11136,,,0.0,0.0,1.6,vm-33703,1.6,no,0.0,1.6,Feb-2024
sydnwinfp2,GCRP,,,,,,,0.0,0.0,0,,,0.0,0.0,0.0,,0.0,yes,12.0,28.0,Feb-2024
sydnwinfp151,GCRP,,,,,,,0.0,0.0,0,,,0.0,0.0,0.0,,0.0,yes,7.5,23.5,Feb-2024
BMx_test2,S&L,DEV,623000.0,<blank>,1.0,0.781,70.0,0.0,0.0,16704,,,0.0,0.0,2.4,vm-33487,2.4,no,0.0,2.4,Feb-2024
sydnwdbad50,GCRP,,,,,,,0.0,0.0,0,,,0.0,0.0,0.0,,0.0,yes,120.0,136.0,Feb-2024
SYDNWCOMP40,GRPINFR,PRD,609100.0,<blank>,2.0,4.0,60.0,1392.0,2784.0,32016,103.56,,42.6,93.2,4.6,vm-4839,140.4,no,0.0,243.96,Feb-2024
SYDNWSTPSQLP-DR (28c6d6b3-fa4d-4b3f-ba81-8b8e6b4ecf11),GCRP,,,,,,,1392.0,8352.0,298584,,,42.6,279.6,136.95,,459.15,yes,9.3,484.45,Feb-2024
sydnwinfp139,GCRP,,,,,,,0.0,0.0,0,,,0.0,0.0,0.0,,0.0,yes,7.8,23.8,Feb-2024
SYDNWWEBS06,S&L,QA,623000.0,,2.0,4.0,60.0,894.0,1788.0,41064,,,27.359483,59.856897,5.9,vm-33475,93.116379,no,0.0,93.116379,Feb-2024
SYDNWSGWD02,S&L,PRD,62920000.0,,4.0,16.0,220.0,1692.0,6768.0,143376,,,51.781034,226.572414,20.6,vm-33672,298.953448,no,0.0,298.953448,Feb-2024
sydnupptp01-iyyy,GCRP,,,,,,,0.0,0.0,0,,,0.0,0.0,0.0,,0.0,yes,16.2,32.2,Feb-2024
sydnwinfddc4,GCRP,,,,,,,0.0,0.0,0,,,0.0,0.0,0.0,,0.0,yes,7.8,23.8,Feb-2024
SYDNWSGWP01 (a554fb5f-5454-4c71-839c-b9e30706478e),GRPINFR,,,,12.0,26.0,373.0,8352.0,18096.0,187920,378.68,,255.6,605.8,27.0,vm-4855,888.4,yes,16.35,1299.43,Feb-2024
SYDNWDPRD01,CORP,DEV,603150.0,<blank>,2.0,3.0,100.0,1392.0,2088.0,60552,,,42.6,69.9,8.7,vm-33721,121.2,no,0.0,121.2,Feb-2024
SYDNWINFD129,S&L,Dev,62920000.0,,2.0,4.0,60.0,1392.0,2784.0,32712,,,42.6,93.2,4.7,vm-33457,140.5,no,0.0,140.5,Feb-2024
grcl_sydnwsapd203,GCRP,,,,,,,0.0,0.0,0,,,0.0,0.0,0.0,,0.0,yes,357.9,373.9,Feb-2024
sydnwinfp150,GCRP,,,,,,,0.0,0.0,0,,,0.0,0.0,0.0,,0.0,yes,14.1,30.1,Feb-2024
SYDNWSQLS01,S&L,STG,62920000.0,PACE,2.0,4.0,200.0,1392.0,2784.0,114144,,,42.6,93.2,16.4,vm-33660,152.2,no,0.0,152.2,Feb-2024
SYDNWSQLD01,S&L,DEV,623000.0,<blank>,2.0,8.0,180.0,1392.0,5568.0,123888,,,42.6,186.4,17.8,vm-33248,246.8,no,0.0,246.8,Feb-2024
SYDNWDBAP67,CORP,PRD,603150.0,,2.0,8.0,110.0,1392.0,5568.0,69600,141.2,,42.6,186.4,10.0,vm-3749,239.0,no,0.0,380.2,Feb-2024
ave-gs-sslvpn1,GRPINFR,<blank>,<blank>,<blank>,1.0,2.0,20.0,0.0,0.0,2088,,,0.0,0.0,0.3,vm-33622,0.3,no,0.0,0.3,Feb-2024
sydnwinfp100,GCRP,,,,,,,0.0,0.0,0,,,0.0,0.0,0.0,,0.0,yes,12.0,28.0,Feb-2024
GRCL_sydnwdbad83,S&L,DEV,623000.0,SAP - sapmsptd - Extended Warehouse Management,6.0,24.0,860.0,2442.0,9768.0,390456,,,74.733621,327.003448,56.1,vm-33238,457.837069,no,0.0,457.837069,Feb-2024
sydnwwebs03,GCRP,,,,,,,0.0,0.0,0,,,0.0,0.0,0.0,,0.0,yes,8.25,24.25,Feb-2024
sydnwlicp01,GCRP,,,,,,,0.0,0.0,0,,,0.0,0.0,0.0,,0.0,yes,9.3,25.3,Feb-2024
GrainCorp Windows Server 2012 - Base Template-WXjU,GCRP,,,,,,,0.0,0.0,11832,,,0.0,0.0,2.55,,2.55,no,0.0,2.55,Feb-2024
sydnwwebq25,GCRP,,,,,,,0.0,0.0,0,,,0.0,0.0,0.0,,0.0,yes,9.0,25.0,Feb-2024
sydnwdbad16,GCRP,,,,,,,0.0,0.0,0,,,0.0,0.0,0.0,,0.0,yes,509.4,525.4,Feb-2024
sydnwwebp112,GCRP,,,,,,,0.0,0.0,0,,,0.0,0.0,0.0,,0.0,yes,9.3,25.3,Feb-2024
SYDNWWEBQ24,S&L,QA,62920000.0,PACE,2.0,4.0,60.0,1392.0,2784.0,37584,,,42.6,93.2,5.4,vm-33694,141.2,no,0.0,141.2,Feb-2024
sydnwwebq24,GCRP,,,,,,,0.0,0.0,0,,,0.0,0.0,0.0,,0.0,yes,8.4,24.4,Feb-2024
sydnweskp01,GCRP,,,,,,,0.0,0.0,0,,,0.0,0.0,0.0,,0.0,yes,22.5,38.5,Feb-2024
SYDNWWEBP120,S&L,PRD,62920000.0,PACE,4.0,8.0,100.0,2784.0,5568.0,38280,,,85.2,186.4,5.5,vm-33621,277.1,no,0.0,277.1,Feb-2024
SYDNWDBAP42,S&L,PRD,623000.0,BW Upgrade,8.0,64.0,7444.0,5568.0,44544.0,5130216,,,170.4,1491.2,3419.85,vm-33415,5081.45,yes,147.3,5244.75,Feb-2024
SYDNWCOMP41,Oils,PRD,241900.0,SOTI Server and Cisco UCM Backup,2.0,4.0,60.0,1392.0,2784.0,41064,,,42.6,93.2,5.9,vm-33484,141.7,no,0.0,141.7,Feb-2024
grcl_sydnwdbad83,GCRP,,,,,,,0.0,0.0,0,,,0.0,0.0,0.0,,0.0,yes,125.25,141.25,Feb-2024
SYDNWWEBP121,S&L,PRD,62920000.0,PACE,4.0,8.0,100.0,2784.0,5568.0,38280,,,85.2,186.4,5.5,vm-33421,277.1,no,0.0,277.1,Feb-2024
GRCL_SYDNWSESSQLD01,S&L,DEV,623000.0,Crop Connect DR,4.0,63.0,3384.0,1628.0,25641.0,950736,,,49.822414,858.384052,204.9,vm-33650,1113.106466,yes,11.85,1140.956466,Feb-2024
sydnwsgwd02,GCRP,,,,,,,0.0,0.0,0,,,0.0,0.0,0.0,,0.0,yes,28.35,44.35,Feb-2024
SYDNWINFP88,S&L,PRD,623000.0,,2.0,4.0,60.0,1392.0,2784.0,28536,103.56,,42.6,93.2,4.1,vm-4859,139.9,no,0.0,243.46,Feb-2024
sydnwwebp35,GCRP,,,,,,,0.0,0.0,0,,,0.0,0.0,0.0,,0.0,yes,7.95,23.95,Feb-2024
SYDNWINFP152,S&L,PRD,623000.0,,2.0,4.0,80.0,1392.0,2784.0,43152,105.56,,42.6,93.2,6.2,vm-3751,142.0,no,0.0,247.56,Feb-2024
SYDNWWEBQ34,S&L,QA,62920000.0,,2.0,4.0,80.0,798.0,1596.0,36192,,,24.421552,53.42931,5.2,vm-33477,83.050862,no,0.0,83.050862,Feb-2024
SYDNWWEBQ35,S&L,QA,62920000.0,,2.0,4.0,80.0,912.0,1824.0,38280,,,27.910345,61.062069,5.5,vm-33478,94.472414,no,0.0,94.472414,Feb-2024
Oils Voicemail Server (c54c560d-e3f2-4bc3-865d-9fffb5dff0c8),GCRP,,,,1.0,4.0,160.0,0.0,0.0,21576,,,0.0,0.0,3.1,vm-3616,3.1,no,0.0,3.1,Feb-2024
GRCL_SYDNWSTPQRMP01,GCRP,PRD,62920000.0,Crop Connect,2.0,4.0,80.0,1392.0,2784.0,45936,,,42.6,93.2,9.9,vm-33488,145.7,no,0.0,145.7,Feb-2024
sydnwwebp122,GCRP,,,,,,,0.0,0.0,0,,,0.0,0.0,0.0,,0.0,yes,9.15,25.15,Feb-2024
SYDNWSAPP300 (7317f586-485b-4afb-9007-052cc9aec149),CORP,PRD,609200.0,SAP migration,8.0,24.0,987.0,5568.0,16704.0,432912,650.97,,170.4,559.2,217.7,vm-1049,947.3,yes,37.65,1651.92,Feb-2024
SYDNWWEBD12,S&L,DEV,62920000.0,PACE,2.0,4.0,60.0,798.0,1596.0,32016,,,24.421552,53.42931,4.6,vm-33686,82.450862,no,0.0,82.450862,Feb-2024
SYDNWWEBP110,S&L,PRD,62920000.0,PACE,2.0,4.0,100.0,1392.0,2784.0,43152,107.56,,42.6,93.2,6.2,vm-4850,142.0,no,0.0,249.56,Feb-2024
SYDNWWEBS11,S&L,STG,62920000.0,,2.0,8.0,80.0,780.0,3120.0,37584,,,23.87069,104.448276,5.4,vm-33623,133.718966,no,0.0,133.718966,Feb-2024
bmx_test3,GCRP,,,,,,,0.0,0.0,0,,,0.0,0.0,0.0,,0.0,yes,2.85,18.85,Feb-2024
GrainCorp Windows Server 2012 - Base Template-RTpb,GCRP,,,,,,,0.0,0.0,11832,,,0.0,0.0,1.7,,1.7,no,0.0,1.7,Feb-2024
GRCL_SYDNWSCSD200,Oils,DEV,43001030.0,SAP Content Server Oils Dev - ORD,2.0,8.0,1020.0,1392.0,5568.0,406464,,,42.6,186.4,87.6,vm-33234,316.6,no,0.0,316.6,Feb-2024
sydnwsapp205 (0f3803d3-28f8-49cb-8a06-6f34cbc1484e),GCRP,,,,,,,0.0,0.0,0,,,0.0,0.0,0.0,,0.0,yes,167.7,183.7,Feb-2024
SYDNWESKP01,MKT,PRD,655800.0,<blank>,1.0,2.0,180.0,696.0,1392.0,103008,,,21.3,46.6,14.8,vm-33489,82.7,no,0.0,82.7,Feb-2024
sydnwdocp01,GCRP,,,,,,,0.0,0.0,0,,,0.0,0.0,0.0,,0.0,yes,9.0,25.0,Feb-2024
SYDNWSAPP200 (e202cdf3-2e6d-466a-b3d2-0c2e161d40f4),Oils,PRD,241900.0,,4.0,24.0,2041.0,2784.0,16704.0,1050264,990.03,,85.2,559.2,528.15,vm-401,1172.55,yes,86.55,2265.13,Feb-2024
sydnwdbap50,S&L,PRD,62920000.0,PACE,2.0,4.0,100.0,1392.0,2784.0,37584,107.56,,42.6,93.2,5.4,vm-4836,141.2,yes,8.25,273.01,Feb-2024
sydnwcomp35,GCRP,,,,,,,0.0,0.0,0,,,0.0,0.0,0.0,,0.0,yes,15.0,31.0,Feb-2024
sydnwwebd11,GCRP,,,,,,,0.0,0.0,0,,,0.0,0.0,0.0,,0.0,yes,9.0,25.0,Feb-2024
sydnwdbap70,S&L,PRD,62920000.0,SAP PO Production,4.0,24.0,805.0,2784.0,16704.0,143376,356.18,,85.2,559.2,20.6,vm-4834,665.0,yes,18.9,1056.08,Feb-2024
SYDNWDBAD51,S&L,DEV,62920000.0,Road Transport - 4003887,8.0,48.0,805.0,3320.0,19920.0,556104,,,101.603448,666.862069,179.9,vm-33727,948.365517,no,0.0,948.365517,Feb-2024
SYDNWDBAD50,S&L,DEV,62920000.0,Road Transport - 4003887,4.0,24.0,805.0,1628.0,9768.0,552624,,,49.822414,327.003448,179.4,vm-33724,556.225862,no,0.0,556.225862,Feb-2024
grcl_sydnwsesqrmd01,GCRP,,,,,,,0.0,0.0,0,,,0.0,0.0,0.0,,0.0,yes,12.0,28.0,Feb-2024
SYDNWSTSSQL-DR (da39c152-4de1-4bda-9199-6352b7bf1b2b),GCRP,,,,,,,1006.0,6036.0,265176,,,30.787069,202.067241,57.15,,290.00431,yes,7.65,313.65431,Feb-2024
sydnwsapp11 (68781ee2-4bc1-4284-8cd6-a7fa1d31d6ee),GCRP,,,,,,,0.0,0.0,0,,,0.0,0.0,0.0,,0.0,yes,24.75,40.75,Feb-2024
SYDNWSTPSQLP01 (3ae25692-08c3-43ff-9852-e9a64f9a023d),GCRP,PRD,62920000.0,Crop Connect,8.0,32.0,1171.0,5568.0,22272.0,416208,,,170.4,745.6,168.1,vm-20139,1084.1,yes,27.75,1127.85,Feb-2024
SYDNWSAPP11 (68781ee2-4bc1-4284-8cd6-a7fa1d31d6ee),S&L,PRD,623000.0,<blank>,8.0,32.0,197.0,5568.0,22272.0,113448,390.5,,170.4,745.6,16.3,vm-4857,932.3,no,0.0,1322.8,Feb-2024
GRCL_SYDNWSAPD310,CORP,DEV,609200.0,SAP Migration,4.0,32.0,965.0,1660.0,13280.0,618048,,,50.801724,444.574713,88.8,vm-33598,584.176437,no,0.0,584.176437,Feb-2024
sydnwinfp88,GCRP,,,,,,,0.0,0.0,0,,,0.0,0.0,0.0,,0.0,yes,6.15,22.15,Feb-2024
SYDNWINFP157,S&L,PRD,623000.0,,2.0,4.0,80.0,0.0,0.0,0,,,0.0,0.0,0.0,vm-33419,0.0,yes,7.5,23.5,Feb-2024
sydnwsgwd01,GCRP,,,,,,,0.0,0.0,0,,,0.0,0.0,0.0,,0.0,yes,203.4,219.4,Feb-2024
SYDNWWEBS03,S&L,STG,62920000.0,PACE,2.0,4.0,60.0,1392.0,2784.0,35496,,,42.6,93.2,5.1,vm-33697,140.9,no,0.0,140.9,Feb-2024
SYDNWSQLQ05,S&L,DEV,62920000.0,PACE,2.0,2.0,200.0,1392.0,1392.0,136416,,,42.6,46.6,23.6,vm-33413,112.8,yes,6.75,135.55,Feb-2024
SYDNUPPTP01-IYyy,GCRP,,,,,,,2784.0,5568.0,73776,,,85.2,186.4,10.6,,282.2,no,0.0,282.2,Feb-2024
sydnwdbad23,S&L,DEV,62920000.0,PACE,4.0,8.0,200.0,1596.0,3192.0,138504,,,48.843103,106.858621,19.9,vm-33658,175.601724,yes,21.0,212.601724,Feb-2024
SYDNWWEBP31,S&L,PRD,623000.0,,2.0,8.0,80.0,1392.0,5568.0,27144,,,42.6,186.4,3.9,vm-33605,232.9,no,0.0,232.9,Feb-2024
SYDNWINFP2,S&L,PRD,623000.0,,2.0,12.0,80.0,1392.0,8352.0,54984,,,42.6,279.6,7.9,vm-33654,330.1,no,0.0,330.1,Feb-2024
GRCL_SYDNWSAPD200,Oils,DEV,43001030.0,SAP DEV OED/OEQ,4.0,48.0,3264.0,1692.0,20304.0,1515192,,,51.781034,679.717241,326.55,vm-33636,1058.048276,no,0.0,1058.048276,Feb-2024
SYDNWINFP100,GRPINFR,PRD,609100.0,<blank>,2.0,12.0,80.0,1392.0,8352.0,54984,,,42.6,279.6,7.9,vm-33486,330.1,no,0.0,330.1,Feb-2024
sydnwdbad70,GCRP,,,,,,,0.0,0.0,0,,,0.0,0.0,0.0,,0.0,yes,109.95,125.95,Feb-2024
GRCL_SYDNWSAPD201,Oils,DEV,241900.0,SAP OILS DEV OAD/OAQ,4.0,24.0,1240.0,1628.0,9768.0,542880,,,49.822414,327.003448,117.0,vm-33235,493.825862,no,0.0,493.825862,Feb-2024
sydnwwebp34,GCRP,,,,,,,0.0,0.0,0,,,0.0,0.0,0.0,,0.0,yes,10.2,26.2,Feb-2024
SYDNWSCSP01,CORP,PRD,615500.0,ReadSoft,4.0,8.0,1448.0,2784.0,5568.0,335472,289.92,,85.2,186.4,48.2,vm-4856,319.8,yes,67.35,693.07,Feb-2024
sydnwinfp101,GCRP,,,,,,,0.0,0.0,0,,,0.0,0.0,0.0,,0.0,yes,18.0,34.0,Feb-2024
SYDNWWEBD11,S&L,DEV,62920000.0,PACE,2.0,4.0,60.0,1392.0,2784.0,41064,,,42.6,93.2,5.9,vm-33418,141.7,no,0.0,141.7,Feb-2024
SYDNWINFD105,S&L,QA,62920000.0,953631,1.0,4.0,80.0,696.0,2784.0,30624,,,21.3,93.2,4.4,vm-33232,118.9,no,0.0,118.9,Feb-2024
